   AgeBP,   YearCE, JanDays, FebDays, MarDays, AprDays, MayDays, JunDays, JulDays, AugDays, SepDays, OctDays, NovDays, DecDays, JanMid , FebMid , MarMid , AprMid , MayMid , JunMid , JulMid , AugMid , SepMid , OctMid , NovMid , DecMid , JanBeg , FebBeg , MarBeg , AprBeg , MayBeg , JunBeg , JulBeg , AugBeg , SepBeg , OctBeg , NovBeg , DecBeg , JanEnd , FebEnd , MarEnd , AprEnd , MayEnd , JunEnd , JulEnd , AugEnd , SepEnd , OctEnd , NovEnd , DecEnd , VE_day, ndays
   -6000,     1850,      32,      30,      32,      31,      31,      29,      30,      29,      29,      30,      30,      32,      12,      44,      73,     106,     137,     168,     197,     227,     256,     285,     315,     345,      -4,      28,      58,      90,     121,     152,     181,     211,     240,     269,     299,     329,      27,      57,      89,     120,     151,     180,     210,     239,     268,     298,     328,     360, 79.938,  365
   -6000,     1851,      32,      30,      32,      31,      31,      29,      30,      29,      29,      30,      30,      32,      12,      44,      73,     106,     137,     168,     197,     227,     256,     285,     315,     345,      -4,      28,      58,      90,     121,     152,     181,     211,     240,     269,     299,     329,      27,      57,      89,     120,     151,     180,     210,     239,     268,     298,     328,     360, 80.180,  365
   -6000,     1852,      32,      31,      32,      31,      31,      29,      30,      29,      29,      30,      30,      32,      12,      44,      74,     107,     138,     169,     198,     228,     257,     286,     316,     346,      -4,      28,      59,      91,     122,     153,     182,     212,     241,     270,     300,     330,      27,      58,      90,     121,     152,     181,     211,     240,     269,     299,     329,     361, 80.422,  366
   -6000,     1853,      32,      30,      32,      31,      31,      29,      30,      29,      29,      30,      30,      32,      12,      44,      73,     106,     137,     168,     197,     227,     256,     285,     315,     345,      -4,      28,      58,      90,     121,     152,     181,     211,     240,     269,     299,     329,      27,      57,      89,     120,     151,     180,     210,     239,     268,     298,     328,     360, 79.665,  365
   -6000,     1854,      32,      30,      32,      31,      31,      29,      30,      29,      29,      30,      30,      32,      12,      44,      73,     106,     137,     168,     197,     227,     256,     285,     315,     345,      -4,      28,      58,      90,     121,     152,     181,     211,     240,     269,     299,     329,      27,      57,      89,     120,     151,     180,     210,     239,     268,     298,     328,     360, 79.908,  365
   -6000,     1855,      32,      30,      32,      31,      31,      29,      30,      29,      29,      30,      30,      32,      12,      44,      73,     106,     137,     168,     197,     227,     256,     285,     315,     345,      -4,      28,      58,      90,     121,     152,     181,     211,     240,     269,     299,     329,      27,      57,      89,     120,     151,     180,     210,     239,     268,     298,     328,     360, 80.150,  365
   -6000,     1856,      32,      31,      32,      31,      31,      29,      30,      29,      29,      30,      30,      32,      12,      44,      74,     107,     138,     169,     198,     228,     257,     286,     316,     346,      -4,      28,      59,      91,     122,     153,     182,     212,     241,     270,     300,     330,      27,      58,      90,     121,     152,     181,     211,     240,     269,     299,     329,     361, 80.392,  366
   -6000,     1857,      32,      30,      32,      31,      31,      29,      30,      29,      29,      30,      30,      32,      12,      44,      73,     106,     137,     168,     197,     227,     256,     285,     315,     345,      -4,      28,      58,      90,     121,     152,     181,     211,     240,     269,     299,     329,      27,      57,      89,     120,     151,     180,     210,     239,     268,     298,     328,     360, 79.635,  365
   -6000,     1858,      32,      30,      32,      31,      31,      29,      30,      29,      29,      30,      30,      32,      12,      44,      73,     106,     137,     168,     197,     227,     256,     285,     315,     345,      -4,      28,      58,      90,     121,     152,     181,     211,     240,     269,     299,     329,      27,      57,      89,     120,     151,     180,     210,     239,     268,     298,     328,     360, 79.878,  365
   -6000,     1859,      32,      30,      32,      31,      31,      29,      30,      29,      29,      30,      30,      32,      12,      44,      73,     106,     137,     168,     197,     227,     256,     285,     315,     345,      -4,      28,      58,      90,     121,     152,     181,     211,     240,     269,     299,     329,      27,      57,      89,     120,     151,     180,     210,     239,     268,     298,     328,     360, 80.120,  365
   -6000,     1860,      32,      31,      32,      31,      31,      29,      30,      29,      29,      30,      30,      32,      12,      44,      74,     107,     138,     169,     198,     228,     257,     286,     316,     346,      -4,      28,      59,      91,     122,     153,     182,     212,     241,     270,     300,     330,      27,      58,      90,     121,     152,     181,     211,     240,     269,     299,     329,     361, 80.362,  366
   -6000,     1861,      32,      30,      32,      31,      31,      29,      30,      29,      29,      30,      30,      32,      12,      44,      73,     106,     137,     168,     197,     227,     256,     285,     315,     345,      -4,      28,      58,      90,     121,     152,     181,     211,     240,     269,     299,     329,      27,      57,      89,     120,     151,     180,     210,     239,     268,     298,     328,     360, 79.605,  365
   -6000,     1862,      32,      30,      32,      31,      31,      29,      30,      29,      29,      30,      30,      32,      12,      44,      73,     106,     137,     168,     197,     227,     256,     285,     315,     345,      -4,      28,      58,      90,     121,     152,     181,     211,     240,     269,     299,     329,      27,      57,      89,     120,     151,     180,     210,     239,     268,     298,     328,     360, 79.847,  365
   -6000,     1863,      32,      30,      32,      31,      31,      29,      30,      29,      29,      30,      30,      32,      12,      44,      73,     106,     137,     168,     197,     227,     256,     285,     315,     345,      -4,      28,      58,      90,     121,     152,     181,     211,     240,     269,     299,     329,      27,      57,      89,     120,     151,     180,     210,     239,     268,     298,     328,     360, 80.090,  365
   -6000,     1864,      32,      31,      32,      31,      31,      29,      30,      29,      29,      30,      30,      32,      12,      44,      74,     107,     138,     169,     198,     228,     257,     286,     316,     346,      -4,      28,      59,      91,     122,     153,     182,     212,     241,     270,     300,     330,      27,      58,      90,     121,     152,     181,     211,     240,     269,     299,     329,     361, 80.333,  366
   -6000,     1865,      32,      30,      32,      31,      31,      29,      30,      29,      29,      30,      30,      32,      12,      44,      73,     106,     137,     168,     197,     227,     256,     285,     315,     345,      -4,      28,      58,      90,     121,     152,     181,     211,     240,     269,     299,     329,      27,      57,      89,     120,     151,     180,     210,     239,     268,     298,     328,     360, 79.575,  365
   -6000,     1866,      32,      30,      32,      31,      31,      29,      30,      29,      29,      30,      30,      32,      12,      44,      73,     106,     137,     168,     197,     227,     256,     285,     315,     345,      -4,      28,      58,      90,     121,     152,     181,     211,     240,     269,     299,     329,      27,      57,      89,     120,     151,     180,     210,     239,     268,     298,     328,     360, 79.817,  365
   -6000,     1867,      32,      30,      32,      31,      31,      29,      30,      29,      29,      30,      30,      32,      12,      44,      73,     106,     137,     168,     197,     227,     256,     285,     315,     345,      -4,      28,      58,      90,     121,     152,     181,     211,     240,     269,     299,     329,      27,      57,      89,     120,     151,     180,     210,     239,     268,     298,     328,     360, 80.060,  365
   -6000,     1868,      32,      31,      32,      31,      31,      29,      30,      29,      29,      30,      30,      32,      12,      44,      74,     107,     138,     169,     198,     228,     257,     286,     316,     346,      -4,      28,      59,      91,     122,     153,     182,     212,     241,     270,     300,     330,      27,      58,      90,     121,     152,     181,     211,     240,     269,     299,     329,     361, 80.303,  366
   -6000,     1869,      32,      30,      32,      31,      31,      29,      30,      29,      29,      30,      30,      32,      12,      44,      73,     106,     137,     168,     197,     227,     256,     285,     315,     345,      -4,      28,      58,      90,     121,     152,     181,     211,     240,     269,     299,     329,      27,      57,      89,     120,     151,     180,     210,     239,     268,     298,     328,     360, 79.545,  365
   -6000,     1870,      32,      30,      32,      31,      31,      29,      30,      29,      29,      30,      30,      32,      12,      44,      73,     106,     137,     168,     197,     227,     256,     285,     315,     345,      -4,      28,      58,      90,     121,     152,     181,     211,     240,     269,     299,     329,      27,      57,      89,     120,     151,     180,     210,     239,     268,     298,     328,     360, 79.787,  365
   -6000,     1871,      32,      30,      32,      31,      31,      29,      30,      29,      29,      30,      30,      32,      12,      44,      73,     106,     137,     168,     197,     227,     256,     285,     315,     345,      -4,      28,      58,      90,     121,     152,     181,     211,     240,     269,     299,     329,      27,      57,      89,     120,     151,     180,     210,     239,     268,     298,     328,     360, 80.030,  365
   -6000,     1872,      32,      31,      32,      31,      31,      29,      30,      29,      29,      30,      30,      32,      11,      43,      73,     106,     137,     168,     197,     227,     256,     285,     315,     345,      -5,      27,      58,      90,     121,     152,     181,     211,     240,     269,     299,     329,      26,      57,      89,     120,     151,     180,     210,     239,     268,     298,     328,     360, 80.272,  366
   -6000,     1873,      32,      30,      32,      31,      31,      29,      30,      29,      29,      30,      30,      32,      12,      44,      73,     106,     137,     168,     197,     227,     256,     285,     315,     345,      -4,      28,      58,      90,     121,     152,     181,     211,     240,     269,     299,     329,      27,      57,      89,     120,     151,     180,     210,     239,     268,     298,     328,     360, 79.515,  365
   -6000,     1874,      32,      30,      32,      31,      31,      29,      30,      29,      29,      30,      30,      32,      12,      44,      73,     106,     137,     168,     197,     227,     256,     285,     315,     345,      -4,      28,      58,      90,     121,     152,     181,     211,     240,     269,     299,     329,      27,      57,      89,     120,     151,     180,     210,     239,     268,     298,     328,     360, 79.758,  365
   -6000,     1875,      32,      30,      32,      31,      31,      29,      30,      29,      29,      30,      30,      32,      12,      44,      73,     106,     137,     168,     197,     227,     256,     285,     315,     345,      -4,      28,      58,      90,     121,     152,     181,     211,     240,     269,     299,     329,      27,      57,      89,     120,     151,     180,     210,     239,     268,     298,     328,     360, 80.000,  365
   -6000,     1876,      32,      31,      32,      31,      31,      29,      30,      29,      29,      30,      30,      32,      11,      43,      73,     106,     137,     168,     197,     227,     256,     285,     315,     345,      -5,      27,      58,      90,     121,     152,     181,     211,     240,     269,     299,     329,      26,      57,      89,     120,     151,     180,     210,     239,     268,     298,     328,     360, 80.242,  366
   -6000,     1877,      32,      30,      32,      31,      31,      29,      30,      29,      29,      30,      30,      32,      12,      44,      73,     106,     137,     168,     197,     227,     256,     285,     315,     345,      -4,      28,      58,      90,     121,     152,     181,     211,     240,     269,     299,     329,      27,      57,      89,     120,     151,     180,     210,     239,     268,     298,     328,     360, 79.485,  365
   -6000,     1878,      32,      30,      32,      31,      31,      29,      30,      29,      29,      30,      30,      32,      12,      44,      73,     106,     137,     168,     197,     227,     256,     285,     315,     345,      -4,      28,      58,      90,     121,     152,     181,     211,     240,     269,     299,     329,      27,      57,      89,     120,     151,     180,     210,     239,     268,     298,     328,     360, 79.728,  365
   -6000,     1879,      32,      30,      32,      31,      31,      29,      30,      29,      29,      30,      30,      32,      12,      44,      73,     106,     137,     168,     197,     227,     256,     285,     315,     345,      -4,      28,      58,      90,     121,     152,     181,     211,     240,     269,     299,     329,      27,      57,      89,     120,     151,     180,     210,     239,     268,     298,     328,     360, 79.970,  365
   -6000,     1880,      32,      31,      32,      31,      31,      29,      30,      29,      29,      30,      30,      32,      11,      43,      73,     106,     137,     168,     197,     227,     256,     285,     315,     345,      -5,      27,      58,      90,     121,     152,     181,     211,     240,     269,     299,     329,      26,      57,      89,     120,     151,     180,     210,     239,     268,     298,     328,     360, 80.212,  366
   -6000,     1881,      32,      30,      32,      31,      31,      29,      30,      29,      29,      30,      30,      32,      12,      44,      73,     106,     137,     168,     197,     227,     256,     285,     315,     345,      -4,      28,      58,      90,     121,     152,     181,     211,     240,     269,     299,     329,      27,      57,      89,     120,     151,     180,     210,     239,     268,     298,     328,     360, 79.455,  365
   -6000,     1882,      32,      30,      32,      31,      31,      29,      30,      29,      29,      30,      30,      32,      12,      44,      73,     106,     137,     168,     197,     227,     256,     285,     315,     345,      -4,      28,      58,      90,     121,     152,     181,     211,     240,     269,     299,     329,      27,      57,      89,     120,     151,     180,     210,     239,     268,     298,     328,     360, 79.697,  365
   -6000,     1883,      32,      30,      32,      31,      31,      29,      30,      29,      29,      30,      30,      32,      12,      44,      73,     106,     137,     168,     197,     227,     256,     285,     315,     345,      -4,      28,      58,      90,     121,     152,     181,     211,     240,     269,     299,     329,      27,      57,      89,     120,     151,     180,     210,     239,     268,     298,     328,     360, 79.940,  365
   -6000,     1884,      32,      31,      32,      31,      31,      29,      30,      29,      29,      30,      30,      32,      11,      43,      73,     106,     137,     168,     197,     227,     256,     285,     315,     345,      -5,      27,      58,      90,     121,     152,     181,     211,     240,     269,     299,     329,      26,      57,      89,     120,     151,     180,     210,     239,     268,     298,     328,     360, 80.183,  366
   -6000,     1885,      32,      30,      32,      31,      31,      29,      30,      29,      29,      30,      30,      32,      12,      44,      73,     106,     137,     168,     197,     227,     256,     285,     315,     345,      -4,      28,      58,      90,     121,     152,     181,     211,     240,     269,     299,     329,      27,      57,      89,     120,     151,     180,     210,     239,     268,     298,     328,     360, 79.425,  365
   -6000,     1886,      32,      30,      32,      31,      31,      29,      30,      29,      29,      30,      30,      32,      12,      44,      73,     106,     137,     168,     197,     227,     256,     285,     315,     345,      -4,      28,      58,      90,     121,     152,     181,     211,     240,     269,     299,     329,      27,      57,      89,     120,     151,     180,     210,     239,     268,     298,     328,     360, 79.667,  365
   -6000,     1887,      32,      30,      32,      31,      31,      29,      30,      29,      29,      30,      30,      32,      12,      44,      73,     106,     137,     168,     197,     227,     256,     285,     315,     345,      -4,      28,      58,      90,     121,     152,     181,     211,     240,     269,     299,     329,      27,      57,      89,     120,     151,     180,     210,     239,     268,     298,     328,     360, 79.910,  365
   -6000,     1888,      32,      31,      32,      31,      31,      29,      30,      29,      29,      30,      30,      32,      11,      43,      73,     106,     137,     168,     197,     227,     256,     285,     315,     345,      -5,      27,      58,      90,     121,     152,     181,     211,     240,     269,     299,     329,      26,      57,      89,     120,     151,     180,     210,     239,     268,     298,     328,     360, 80.153,  366
   -6000,     1889,      32,      30,      32,      31,      31,      29,      30,      29,      29,      30,      30,      32,      12,      44,      73,     106,     137,     168,     197,     227,     256,     285,     315,     345,      -4,      28,      58,      90,     121,     152,     181,     211,     240,     269,     299,     329,      27,      57,      89,     120,     151,     180,     210,     239,     268,     298,     328,     360, 79.395,  365
   -6000,     1890,      32,      30,      32,      31,      31,      29,      30,      29,      29,      30,      30,      32,      12,      44,      73,     106,     137,     168,     197,     227,     256,     285,     315,     345,      -4,      28,      58,      90,     121,     152,     181,     211,     240,     269,     299,     329,      27,      57,      89,     120,     151,     180,     210,     239,     268,     298,     328,     360, 79.638,  365
   -6000,     1891,      32,      30,      32,      31,      31,      29,      30,      29,      29,      30,      30,      32,      12,      44,      73,     106,     137,     168,     197,     227,     256,     285,     315,     345,      -4,      28,      58,      90,     121,     152,     181,     211,     240,     269,     299,     329,      27,      57,      89,     120,     151,     180,     210,     239,     268,     298,     328,     360, 79.880,  365
   -6000,     1892,      32,      31,      32,      31,      31,      29,      30,      29,      29,      30,      30,      32,      11,      43,      73,     106,     137,     168,     197,     227,     256,     285,     315,     345,      -5,      27,      58,      90,     121,     152,     181,     211,     240,     269,     299,     329,      26,      57,      89,     120,     151,     180,     210,     239,     268,     298,     328,     360, 80.122,  366
   -6000,     1893,      32,      30,      32,      31,      31,      29,      30,      29,      29,      30,      30,      32,      12,      44,      73,     106,     137,     168,     197,     227,     256,     285,     315,     345,      -4,      28,      58,      90,     121,     152,     181,     211,     240,     269,     299,     329,      27,      57,      89,     120,     151,     180,     210,     239,     268,     298,     328,     360, 79.365,  365
   -6000,     1894,      32,      30,      32,      31,      31,      29,      30,      29,      29,      30,      30,      32,      12,      44,      73,     106,     137,     168,     197,     227,     256,     285,     315,     345,      -4,      28,      58,      90,     121,     152,     181,     211,     240,     269,     299,     329,      27,      57,      89,     120,     151,     180,     210,     239,     268,     298,     328,     360, 79.608,  365
   -6000,     1895,      32,      30,      32,      31,      31,      29,      30,      29,      29,      30,      30,      32,      12,      44,      73,     106,     137,     168,     197,     227,     256,     285,     315,     345,      -4,      28,      58,      90,     121,     152,     181,     211,     240,     269,     299,     329,      27,      57,      89,     120,     151,     180,     210,     239,     268,     298,     328,     360, 79.850,  365
   -6000,     1896,      32,      31,      32,      31,      31,      29,      30,      29,      29,      30,      30,      32,      11,      43,      73,     106,     137,     168,     197,     227,     256,     285,     315,     345,      -5,      27,      58,      90,     121,     152,     181,     211,     240,     269,     299,     329,      26,      57,      89,     120,     151,     180,     210,     239,     268,     298,     328,     360, 80.092,  366
   -6000,     1897,      32,      30,      32,      31,      31,      29,      30,      29,      29,      30,      30,      32,      12,      44,      73,     106,     137,     168,     197,     227,     256,     285,     315,     345,      -4,      28,      58,      90,     121,     152,     181,     211,     240,     269,     299,     329,      27,      57,      89,     120,     151,     180,     210,     239,     268,     298,     328,     360, 79.335,  365
   -6000,     1898,      32,      30,      32,      31,      31,      29,      30,      29,      29,      30,      30,      32,      12,      44,      73,     106,     137,     168,     197,     227,     256,     285,     315,     345,      -4,      28,      58,      90,     121,     152,     181,     211,     240,     269,     299,     329,      27,      57,      89,     120,     151,     180,     210,     239,     268,     298,     328,     360, 79.578,  365
   -6000,     1899,      32,      30,      32,      31,      31,      29,      30,      29,      29,      30,      30,      32,      12,      44,      73,     106,     137,     168,     197,     227,     256,     285,     315,     345,      -4,      28,      58,      90,     121,     152,     181,     211,     240,     269,     299,     329,      27,      57,      89,     120,     151,     180,     210,     239,     268,     298,     328,     360, 79.820,  365
   -6000,     1900,      32,      30,      32,      31,      31,      29,      30,      29,      29,      30,      30,      32,      12,      44,      73,     106,     137,     168,     197,     227,     256,     285,     315,     345,      -4,      28,      58,      90,     121,     152,     181,     211,     240,     269,     299,     329,      27,      57,      89,     120,     151,     180,     210,     239,     268,     298,     328,     360, 80.062,  365
   -6000,     1901,      32,      30,      32,      31,      31,      29,      30,      29,      29,      30,      30,      32,      13,      45,      74,     107,     138,     169,     198,     228,     257,     286,     316,     346,      -3,      29,      59,      91,     122,     153,     182,     212,     241,     270,     300,     330,      28,      58,      90,     121,     152,     181,     211,     240,     269,     299,     329,     361, 80.305,  365
   -6000,     1902,      32,      30,      32,      31,      31,      29,      30,      29,      29,      30,      30,      32,      13,      45,      74,     107,     138,     169,     198,     228,     257,     286,     316,     346,      -3,      29,      59,      91,     122,     153,     182,     212,     241,     270,     300,     330,      28,      58,      90,     121,     152,     181,     211,     240,     269,     299,     329,     361, 80.547,  365
   -6000,     1903,      32,      30,      32,      31,      31,      29,      30,      29,      29,      30,      30,      32,      13,      45,      74,     107,     138,     169,     198,     228,     257,     286,     316,     346,      -3,      29,      59,      91,     122,     153,     182,     212,     241,     270,     300,     330,      28,      58,      90,     121,     152,     181,     211,     240,     269,     299,     329,     361, 80.790,  365
   -6000,     1904,      32,      31,      32,      31,      31,      29,      30,      29,      29,      30,      30,      32,      12,      44,      74,     107,     138,     169,     198,     228,     257,     286,     316,     346,      -4,      28,      59,      91,     122,     153,     182,     212,     241,     270,     300,     330,      27,      58,      90,     121,     152,     181,     211,     240,     269,     299,     329,     361, 81.033,  366
   -6000,     1905,      32,      30,      32,      31,      31,      29,      30,      29,      29,      30,      30,      32,      12,      44,      73,     106,     137,     168,     197,     227,     256,     285,     315,     345,      -4,      28,      58,      90,     121,     152,     181,     211,     240,     269,     299,     329,      27,      57,      89,     120,     151,     180,     210,     239,     268,     298,     328,     360, 80.275,  365
   -6000,     1906,      32,      30,      32,      31,      31,      29,      30,      29,      29,      30,      30,      32,      13,      45,      74,     107,     138,     169,     198,     228,     257,     286,     316,     346,      -3,      29,      59,      91,     122,     153,     182,     212,     241,     270,     300,     330,      28,      58,      90,     121,     152,     181,     211,     240,     269,     299,     329,     361, 80.517,  365
   -6000,     1907,      32,      30,      32,      31,      31,      29,      30,      29,      29,      30,      30,      32,      13,      45,      74,     107,     138,     169,     198,     228,     257,     286,     316,     346,      -3,      29,      59,      91,     122,     153,     182,     212,     241,     270,     300,     330,      28,      58,      90,     121,     152,     181,     211,     240,     269,     299,     329,     361, 80.760,  365
   -6000,     1908,      32,      31,      32,      31,      31,      29,      30,      29,      29,      30,      30,      32,      12,      44,      74,     107,     138,     169,     198,     228,     257,     286,     316,     346,      -4,      28,      59,      91,     122,     153,     182,     212,     241,     270,     300,     330,      27,      58,      90,     121,     152,     181,     211,     240,     269,     299,     329,     361, 81.003,  366
   -6000,     1909,      32,      30,      32,      31,      31,      29,      30,      29,      29,      30,      30,      32,      12,      44,      73,     106,     137,     168,     197,     227,     256,     285,     315,     345,      -4,      28,      58,      90,     121,     152,     181,     211,     240,     269,     299,     329,      27,      57,      89,     120,     151,     180,     210,     239,     268,     298,     328,     360, 80.245,  365
   -6000,     1910,      32,      30,      32,      31,      31,      29,      30,      29,      29,      30,      30,      32,      13,      45,      74,     107,     138,     169,     198,     228,     257,     286,     316,     346,      -3,      29,      59,      91,     122,     153,     182,     212,     241,     270,     300,     330,      28,      58,      90,     121,     152,     181,     211,     240,     269,     299,     329,     361, 80.487,  365
   -6000,     1911,      32,      30,      32,      31,      31,      29,      30,      29,      29,      30,      30,      32,      13,      45,      74,     107,     138,     169,     198,     228,     257,     286,     316,     346,      -3,      29,      59,      91,     122,     153,     182,     212,     241,     270,     300,     330,      28,      58,      90,     121,     152,     181,     211,     240,     269,     299,     329,     361, 80.730,  365
   -6000,     1912,      32,      31,      32,      31,      31,      29,      30,      29,      29,      30,      30,      32,      12,      44,      74,     107,     138,     169,     198,     228,     257,     286,     316,     346,      -4,      28,      59,      91,     122,     153,     182,     212,     241,     270,     300,     330,      27,      58,      90,     121,     152,     181,     211,     240,     269,     299,     329,     361, 80.972,  366
   -6000,     1913,      32,      30,      32,      31,      31,      29,      30,      29,      29,      30,      30,      32,      12,      44,      73,     106,     137,     168,     197,     227,     256,     285,     315,     345,      -4,      28,      58,      90,     121,     152,     181,     211,     240,     269,     299,     329,      27,      57,      89,     120,     151,     180,     210,     239,     268,     298,     328,     360, 80.215,  365
   -6000,     1914,      32,      30,      32,      31,      31,      29,      30,      29,      29,      30,      30,      32,      13,      45,      74,     107,     138,     169,     198,     228,     257,     286,     316,     346,      -3,      29,      59,      91,     122,     153,     182,     212,     241,     270,     300,     330,      28,      58,      90,     121,     152,     181,     211,     240,     269,     299,     329,     361, 80.458,  365
   -6000,     1915,      32,      30,      32,      31,      31,      29,      30,      29,      29,      30,      30,      32,      13,      45,      74,     107,     138,     169,     198,     228,     257,     286,     316,     346,      -3,      29,      59,      91,     122,     153,     182,     212,     241,     270,     300,     330,      28,      58,      90,     121,     152,     181,     211,     240,     269,     299,     329,     361, 80.700,  365
   -6000,     1916,      32,      31,      32,      31,      31,      29,      30,      29,      29,      30,      30,      32,      12,      44,      74,     107,     138,     169,     198,     228,     257,     286,     316,     346,      -4,      28,      59,      91,     122,     153,     182,     212,     241,     270,     300,     330,      27,      58,      90,     121,     152,     181,     211,     240,     269,     299,     329,     361, 80.942,  366
   -6000,     1917,      32,      30,      32,      31,      31,      29,      30,      29,      29,      30,      30,      32,      12,      44,      73,     106,     137,     168,     197,     227,     256,     285,     315,     345,      -4,      28,      58,      90,     121,     152,     181,     211,     240,     269,     299,     329,      27,      57,      89,     120,     151,     180,     210,     239,     268,     298,     328,     360, 80.185,  365
   -6000,     1918,      32,      30,      32,      31,      31,      29,      30,      29,      29,      30,      30,      32,      13,      45,      74,     107,     138,     169,     198,     228,     257,     286,     316,     346,      -3,      29,      59,      91,     122,     153,     182,     212,     241,     270,     300,     330,      28,      58,      90,     121,     152,     181,     211,     240,     269,     299,     329,     361, 80.428,  365
   -6000,     1919,      32,      30,      32,      31,      31,      29,      30,      29,      29,      30,      30,      32,      13,      45,      74,     107,     138,     169,     198,     228,     257,     286,     316,     346,      -3,      29,      59,      91,     122,     153,     182,     212,     241,     270,     300,     330,      28,      58,      90,     121,     152,     181,     211,     240,     269,     299,     329,     361, 80.670,  365
   -6000,     1920,      32,      31,      32,      31,      31,      29,      30,      29,      29,      30,      30,      32,      12,      44,      74,     107,     138,     169,     198,     228,     257,     286,     316,     346,      -4,      28,      59,      91,     122,     153,     182,     212,     241,     270,     300,     330,      27,      58,      90,     121,     152,     181,     211,     240,     269,     299,     329,     361, 80.912,  366
   -6000,     1921,      32,      30,      32,      31,      31,      29,      30,      29,      29,      30,      30,      32,      12,      44,      73,     106,     137,     168,     197,     227,     256,     285,     315,     345,      -4,      28,      58,      90,     121,     152,     181,     211,     240,     269,     299,     329,      27,      57,      89,     120,     151,     180,     210,     239,     268,     298,     328,     360, 80.155,  365
   -6000,     1922,      32,      30,      32,      31,      31,      29,      30,      29,      29,      30,      30,      32,      13,      45,      74,     107,     138,     169,     198,     228,     257,     286,     316,     346,      -3,      29,      59,      91,     122,     153,     182,     212,     241,     270,     300,     330,      28,      58,      90,     121,     152,     181,     211,     240,     269,     299,     329,     361, 80.397,  365
   -6000,     1923,      32,      30,      32,      31,      31,      29,      30,      29,      29,      30,      30,      32,      13,      45,      74,     107,     138,     169,     198,     228,     257,     286,     316,     346,      -3,      29,      59,      91,     122,     153,     182,     212,     241,     270,     300,     330,      28,      58,      90,     121,     152,     181,     211,     240,     269,     299,     329,     361, 80.640,  365
   -6000,     1924,      32,      31,      32,      31,      31,      29,      30,      29,      29,      30,      30,      32,      12,      44,      74,     107,     138,     169,     198,     228,     257,     286,     316,     346,      -4,      28,      59,      91,     122,     153,     182,     212,     241,     270,     300,     330,      27,      58,      90,     121,     152,     181,     211,     240,     269,     299,     329,     361, 80.883,  366
   -6000,     1925,      32,      30,      32,      31,      31,      29,      30,      29,      29,      30,      30,      32,      12,      44,      73,     106,     137,     168,     197,     227,     256,     285,     315,     345,      -4,      28,      58,      90,     121,     152,     181,     211,     240,     269,     299,     329,      27,      57,      89,     120,     151,     180,     210,     239,     268,     298,     328,     360, 80.125,  365
   -6000,     1926,      32,      30,      32,      31,      31,      29,      30,      29,      29,      30,      30,      32,      13,      45,      74,     107,     138,     169,     198,     228,     257,     286,     316,     346,      -3,      29,      59,      91,     122,     153,     182,     212,     241,     270,     300,     330,      28,      58,      90,     121,     152,     181,     211,     240,     269,     299,     329,     361, 80.367,  365
   -6000,     1927,      32,      30,      32,      31,      31,      29,      30,      29,      29,      30,      30,      32,      13,      45,      74,     107,     138,     169,     198,     228,     257,     286,     316,     346,      -3,      29,      59,      91,     122,     153,     182,     212,     241,     270,     300,     330,      28,      58,      90,     121,     152,     181,     211,     240,     269,     299,     329,     361, 80.610,  365
   -6000,     1928,      32,      31,      32,      31,      31,      29,      30,      29,      29,      30,      30,      32,      12,      44,      74,     107,     138,     169,     198,     228,     257,     286,     316,     346,      -4,      28,      59,      91,     122,     153,     182,     212,     241,     270,     300,     330,      27,      58,      90,     121,     152,     181,     211,     240,     269,     299,     329,     361, 80.853,  366
   -6000,     1929,      32,      30,      32,      31,      31,      29,      30,      29,      29,      30,      30,      32,      12,      44,      73,     106,     137,     168,     197,     227,     256,     285,     315,     345,      -4,      28,      58,      90,     121,     152,     181,     211,     240,     269,     299,     329,      27,      57,      89,     120,     151,     180,     210,     239,     268,     298,     328,     360, 80.095,  365
   -6000,     1930,      32,      30,      32,      31,      31,      29,      30,      29,      29,      30,      30,      32,      13,      45,      74,     107,     138,     169,     198,     228,     257,     286,     316,     346,      -3,      29,      59,      91,     122,     153,     182,     212,     241,     270,     300,     330,      28,      58,      90,     121,     152,     181,     211,     240,     269,     299,     329,     361, 80.337,  365
   -6000,     1931,      32,      30,      32,      31,      31,      29,      30,      29,      29,      30,      30,      32,      13,      45,      74,     107,     138,     169,     198,     228,     257,     286,     316,     346,      -3,      29,      59,      91,     122,     153,     182,     212,     241,     270,     300,     330,      28,      58,      90,     121,     152,     181,     211,     240,     269,     299,     329,     361, 80.580,  365
   -6000,     1932,      32,      31,      32,      31,      31,      29,      30,      29,      29,      30,      30,      32,      12,      44,      74,     107,     138,     169,     198,     228,     257,     286,     316,     346,      -4,      28,      59,      91,     122,     153,     182,     212,     241,     270,     300,     330,      27,      58,      90,     121,     152,     181,     211,     240,     269,     299,     329,     361, 80.822,  366
   -6000,     1933,      32,      30,      32,      31,      31,      29,      30,      29,      29,      30,      30,      32,      12,      44,      73,     106,     137,     168,     197,     227,     256,     285,     315,     345,      -4,      28,      58,      90,     121,     152,     181,     211,     240,     269,     299,     329,      27,      57,      89,     120,     151,     180,     210,     239,     268,     298,     328,     360, 80.065,  365
   -6000,     1934,      32,      30,      32,      31,      31,      29,      30,      29,      29,      30,      30,      32,      13,      45,      74,     107,     138,     169,     198,     228,     257,     286,     316,     346,      -3,      29,      59,      91,     122,     153,     182,     212,     241,     270,     300,     330,      28,      58,      90,     121,     152,     181,     211,     240,     269,     299,     329,     361, 80.308,  365
   -6000,     1935,      32,      30,      32,      31,      31,      29,      30,      29,      29,      30,      30,      32,      13,      45,      74,     107,     138,     169,     198,     228,     257,     286,     316,     346,      -3,      29,      59,      91,     122,     153,     182,     212,     241,     270,     300,     330,      28,      58,      90,     121,     152,     181,     211,     240,     269,     299,     329,     361, 80.550,  365
   -6000,     1936,      32,      31,      32,      31,      31,      29,      30,      29,      29,      30,      30,      32,      12,      44,      74,     107,     138,     169,     198,     228,     257,     286,     316,     346,      -4,      28,      59,      91,     122,     153,     182,     212,     241,     270,     300,     330,      27,      58,      90,     121,     152,     181,     211,     240,     269,     299,     329,     361, 80.792,  366
   -6000,     1937,      32,      30,      32,      31,      31,      29,      30,      29,      29,      30,      30,      32,      12,      44,      73,     106,     137,     168,     197,     227,     256,     285,     315,     345,      -4,      28,      58,      90,     121,     152,     181,     211,     240,     269,     299,     329,      27,      57,      89,     120,     151,     180,     210,     239,     268,     298,     328,     360, 80.035,  365
   -6000,     1938,      32,      30,      32,      31,      31,      29,      30,      29,      29,      30,      30,      32,      12,      44,      73,     106,     137,     168,     197,     227,     256,     285,     315,     345,      -4,      28,      58,      90,     121,     152,     181,     211,     240,     269,     299,     329,      27,      57,      89,     120,     151,     180,     210,     239,     268,     298,     328,     360, 80.278,  365
   -6000,     1939,      32,      30,      32,      31,      31,      29,      30,      29,      29,      30,      30,      32,      13,      45,      74,     107,     138,     169,     198,     228,     257,     286,     316,     346,      -3,      29,      59,      91,     122,     153,     182,     212,     241,     270,     300,     330,      28,      58,      90,     121,     152,     181,     211,     240,     269,     299,     329,     361, 80.520,  365
   -6000,     1940,      32,      31,      32,      31,      31,      29,      30,      29,      29,      30,      30,      32,      12,      44,      74,     107,     138,     169,     198,     228,     257,     286,     316,     346,      -4,      28,      59,      91,     122,     153,     182,     212,     241,     270,     300,     330,      27,      58,      90,     121,     152,     181,     211,     240,     269,     299,     329,     361, 80.763,  366
   -6000,     1941,      32,      30,      32,      31,      31,      29,      30,      29,      29,      30,      30,      32,      12,      44,      73,     106,     137,     168,     197,     227,     256,     285,     315,     345,      -4,      28,      58,      90,     121,     152,     181,     211,     240,     269,     299,     329,      27,      57,      89,     120,     151,     180,     210,     239,     268,     298,     328,     360, 80.005,  365
   -6000,     1942,      32,      30,      32,      31,      31,      29,      30,      29,      29,      30,      30,      32,      12,      44,      73,     106,     137,     168,     197,     227,     256,     285,     315,     345,      -4,      28,      58,      90,     121,     152,     181,     211,     240,     269,     299,     329,      27,      57,      89,     120,     151,     180,     210,     239,     268,     298,     328,     360, 80.247,  365
   -6000,     1943,      32,      30,      32,      31,      31,      29,      30,      29,      29,      30,      30,      32,      13,      45,      74,     107,     138,     169,     198,     228,     257,     286,     316,     346,      -3,      29,      59,      91,     122,     153,     182,     212,     241,     270,     300,     330,      28,      58,      90,     121,     152,     181,     211,     240,     269,     299,     329,     361, 80.490,  365
   -6000,     1944,      32,      31,      32,      31,      31,      29,      30,      29,      29,      30,      30,      32,      12,      44,      74,     107,     138,     169,     198,     228,     257,     286,     316,     346,      -4,      28,      59,      91,     122,     153,     182,     212,     241,     270,     300,     330,      27,      58,      90,     121,     152,     181,     211,     240,     269,     299,     329,     361, 80.733,  366
   -6000,     1945,      32,      30,      32,      31,      31,      29,      30,      29,      29,      30,      30,      32,      12,      44,      73,     106,     137,     168,     197,     227,     256,     285,     315,     345,      -4,      28,      58,      90,     121,     152,     181,     211,     240,     269,     299,     329,      27,      57,      89,     120,     151,     180,     210,     239,     268,     298,     328,     360, 79.975,  365
   -6000,     1946,      32,      30,      32,      31,      31,      29,      30,      29,      29,      30,      30,      32,      12,      44,      73,     106,     137,     168,     197,     227,     256,     285,     315,     345,      -4,      28,      58,      90,     121,     152,     181,     211,     240,     269,     299,     329,      27,      57,      89,     120,     151,     180,     210,     239,     268,     298,     328,     360, 80.217,  365
   -6000,     1947,      32,      30,      32,      31,      31,      29,      30,      29,      29,      30,      30,      32,      13,      45,      74,     107,     138,     169,     198,     228,     257,     286,     316,     346,      -3,      29,      59,      91,     122,     153,     182,     212,     241,     270,     300,     330,      28,      58,      90,     121,     152,     181,     211,     240,     269,     299,     329,     361, 80.460,  365
   -6000,     1948,      32,      31,      32,      31,      31,      29,      30,      29,      29,      30,      30,      32,      12,      44,      74,     107,     138,     169,     198,     228,     257,     286,     316,     346,      -4,      28,      59,      91,     122,     153,     182,     212,     241,     270,     300,     330,      27,      58,      90,     121,     152,     181,     211,     240,     269,     299,     329,     361, 80.703,  366
   -6000,     1949,      32,      30,      32,      31,      31,      29,      30,      29,      29,      30,      30,      32,      12,      44,      73,     106,     137,     168,     197,     227,     256,     285,     315,     345,      -4,      28,      58,      90,     121,     152,     181,     211,     240,     269,     299,     329,      27,      57,      89,     120,     151,     180,     210,     239,     268,     298,     328,     360, 79.945,  365
